1,1,hogepiyo,2022-11-28 00:00:00,1,2,https://www.youtube.com/watch?v=8jin2v8K4Bs,2022-11-29 14:22:50
2,1,hogehoge,2022-11-28 00:00:00,3,2,https://www.youtube.com/watch?v=8jin2v8K4Bs,2022-11-29 14:22:50
3,1,hoge,2022-11-28 00:00:00,1,4,https://www.youtube.com/watch?v=8jin2v8K4Bs,2022-11-29 14:22:50
4,1,piyo,2022-11-28 00:00:00,1,2,https://www.youtube.com/watch?v=8jin2v8K4Bs,2022-11-29 14:22:50
5,1,oeio,2022-11-28 00:00:00,1,2,https://www.youtube.com/watch?v=8jin2v8K4Bs,2022-11-29 14:22:50
6,1,hogeee,2022-11-28 00:00:00,1,2,https://www.youtube.com/watch?v=8jin2v8K4Bs,2022-11-29 14:22:50
7,1,gep,2022-11-28 00:00:00,1,2,https://www.youtube.com/watch?v=8jin2v8K4Bs,2022-11-29 14:22:50
8,1,ho,2022-11-28 00:00:00,1,2,https://www.youtube.com/watch?v=8jin2v8K4Bs,2022-11-29 14:22:50
9,1,hoyo,2022-11-28 00:00:00,1,2,https://www.youtube.com/watch?v=8jin2v8K4Bs,2022-11-29 14:22:50
10,1,hogiyo,2022-11-28 00:00:00,1,2,https://www.youtube.com/watch?v=8jin2v8K4Bs,2022-11-29 14:22:50
11,1,hogepo,2022-11-28 00:00:00,1,2,https://www.youtube.com/watch?v=8jin2v8K4Bs,2022-11-29 14:22:50
12,1,hopiyo,2022-11-28 00:00:00,1,2,https://www.youtube.com/watch?v=8jin2v8K4Bs,2022-11-29 14:22:50
13,1,hopiyo,2022-11-28 00:00:00,1,2,https://www.youtube.com/watch?v=8jin2v8K4Bs,2022-11-29 14:22:50
14,1,hogyo,2022-11-28 00:00:00,1,2,https://www.youtube.com/watch?v=8jin2v8K4Bs,2022-11-29 14:22:50
15,1,hogepiyo,2022-11-28 00:00:00,1,2,https://www.youtube.com/watch?v=8jin2v8K4Bs,2022-11-29 14:22:50
16,1,hogepiyo,2022-11-28 00:00:00,1,2,https://www.youtube.com/watch?v=8jin2v8K4Bs,2022-11-29 14:22:50
17,1,hogepiyo,2022-11-28 00:00:00,1,2,https://www.youtube.com/watch?v=8jin2v8K4Bs,2022-11-29 14:22:50
18,1,hogepiyo,2022-11-28 00:00:00,1,2,https://www.youtube.com/watch?v=8jin2v8K4Bs,2022-11-29 14:22:50
19,1,hogepiyo,2022-11-28 00:00:00,1,2,https://www.youtube.com/watch?v=8jin2v8K4Bs,2022-11-29 14:22:50
20,1,hogepiyo,2022-11-28 00:00:00,1,2,https://www.youtube.com/watch?v=8jin2v8K4Bs,2022-11-29 14:22:50
21,1,hogepiyo,2022-11-28 00:00:00,1,2,https://www.youtube.com/watch?v=8jin2v8K4Bs,2022-11-29 14:22:50
